<?xml version="1.0" encoding="UTF-8"?>
<project-private xmlns="http://www.netbeans.org/ns/project-private/1">
    <editor-bookmarks xmlns="http://www.netbeans.org/ns/editor-bookmarks/2" lastBookmarkId="0"/>
    <open-files xmlns="http://www.netbeans.org/ns/projectui-open-files/2">
        <group>
            <file>file:/Users/jojo/Desktop/JiaoHe-002192150-University%20Model/Info5001-University/src/info5100/university/example/Info5001UniversityExample.java</file>
            <file>file:/Users/jojo/Desktop/JiaoHe-002192150-University%20Model/Info5001-University/src/info5100/university/example/CourseCatalog/Course.java</file>
            <file>file:/Users/jojo/Desktop/JiaoHe-002192150-University%20Model/Info5001-University/src/info5100/university/example/College/College.java</file>
            <file>file:/Users/jojo/Desktop/JiaoHe-002192150-University%20Model/Info5001-University/src/info5100/university/example/CourseSchedule/CourseSchedule.java</file>
            <file>file:/Users/jojo/Desktop/JiaoHe-002192150-University%20Model/Info5001-University/src/info5100/university/example/Department/Department.java</file>
            <file>file:/Users/jojo/Desktop/JiaoHe-002192150-University%20Model/Info5001-University/src/info5100/university/example/CourseSchedule/CourseOffer.java</file>
        </group>
    </open-files>
</project-private>
